"Gross domestic product, expenditure-based, Canada, quarterly (x 1,000,000)"
"Frequency: Quarterly"
"Table: 36-10-0104-01 (formerly CANSIM 380-0064)"
"Release date: 2023-02-28"
"Geography: Canada"
""
""

"Prices","Chained (2012) dollars",,,,,,,,,,,,,,,,,,,,,,,,,,,,,,,,,,,,,,,,,,,,,,,,,,,,,,,,,,,,,,,,,,,,,,,,,,,,,,,,,,,,,,,,,,,,,,,,,,,,,,,,,,,,,,,,,,,,,,,,,,,,,,,,,,,,,,,,,,,,,,,,,,,,,,,,,,,,,,,,,,,,,,,,,,,,,,,,,,,,,,,,,,,,,,,,,,,,,,,,,,,,,,,,,,,,,,,,,,,,,,,,,,,,,,,,,,,,,,,,,,,,,,,
"Seasonal adjustment","Seasonally adjusted at annual rates",,,,,,,,,,,,,,,,,,,,,,,,,,,,,,,,,,,,,,,,,,,,,,,,,,,,,,,,,,,,,,,,,,,,,,,,,,,,,,,,,,,,,,,,,,,,,,,,,,,,,,,,,,,,,,,,,,,,,,,,,,,,,,,,,,,,,,,,,,,,,,,,,,,,,,,,,,,,,,,,,,,,,,,,,,,,,,,,,,,,,,,,,,,,,,,,,,,,,,,,,,,,,,,,,,,,,,,,,,,,,,,,,,,,,,,,,,,,,,,,,,,,,,,
"Geography","Canada",,,,,,,,,,,,,,,,,,,,,,,,,,,,,,,,,,,,,,,,,,,,,,,,,,,,,,,,,,,,,,,,,,,,,,,,,,,,,,,,,,,,,,,,,,,,,,,,,,,,,,,,,,,,,,,,,,,,,,,,,,,,,,,,,,,,,,,,,,,,,,,,,,,,,,,,,,,,,,,,,,,,,,,,,,,,,,,,,,,,,,,,,,,,,,,,,,,,,,,,,,,,,,,,,,,,,,,,,,,,,,,,,,,,,,,,,,,,,,,,,,,,,,,
"Estimates","Q1 1961","Q2 1961","Q3 1961","Q4 1961","Q1 1962","Q2 1962","Q3 1962","Q4 1962","Q1 1963","Q2 1963","Q3 1963","Q4 1963","Q1 1964","Q2 1964","Q3 1964","Q4 1964","Q1 1965","Q2 1965","Q3 1965","Q4 1965","Q1 1966","Q2 1966","Q3 1966","Q4 1966","Q1 1967","Q2 1967","Q3 1967","Q4 1967","Q1 1968","Q2 1968","Q3 1968","Q4 1968","Q1 1969","Q2 1969","Q3 1969","Q4 1969","Q1 1970","Q2 1970","Q3 1970","Q4 1970","Q1 1971","Q2 1971","Q3 1971","Q4 1971","Q1 1972","Q2 1972","Q3 1972","Q4 1972","Q1 1973","Q2 1973","Q3 1973","Q4 1973","Q1 1974","Q2 1974","Q3 1974","Q4 1974","Q1 1975","Q2 1975","Q3 1975","Q4 1975","Q1 1976","Q2 1976","Q3 1976","Q4 1976","Q1 1977","Q2 1977","Q3 1977","Q4 1977","Q1 1978","Q2 1978","Q3 1978","Q4 1978","Q1 1979","Q2 1979","Q3 1979","Q4 1979","Q1 1980","Q2 1980","Q3 1980","Q4 1980","Q1 1981","Q2 1981","Q3 1981","Q4 1981","Q1 1982","Q2 1982","Q3 1982","Q4 1982","Q1 1983","Q2 1983","Q3 1983","Q4 1983","Q1 1984","Q2 1984","Q3 1984","Q4 1984","Q1 1985","Q2 1985","Q3 1985","Q4 1985","Q1 1986","Q2 1986","Q3 1986","Q4 1986","Q1 1987","Q2 1987","Q3 1987","Q4 1987","Q1 1988","Q2 1988","Q3 1988","Q4 1988","Q1 1989","Q2 1989","Q3 1989","Q4 1989","Q1 1990","Q2 1990","Q3 1990","Q4 1990","Q1 1991","Q2 1991","Q3 1991","Q4 1991","Q1 1992","Q2 1992","Q3 1992","Q4 1992","Q1 1993","Q2 1993","Q3 1993","Q4 1993","Q1 1994","Q2 1994","Q3 1994","Q4 1994","Q1 1995","Q2 1995","Q3 1995","Q4 1995","Q1 1996","Q2 1996","Q3 1996","Q4 1996","Q1 1997","Q2 1997","Q3 1997","Q4 1997","Q1 1998","Q2 1998","Q3 1998","Q4 1998","Q1 1999","Q2 1999","Q3 1999","Q4 1999","Q1 2000","Q2 2000","Q3 2000","Q4 2000","Q1 2001","Q2 2001","Q3 2001","Q4 2001","Q1 2002","Q2 2002","Q3 2002","Q4 2002","Q1 2003","Q2 2003","Q3 2003","Q4 2003","Q1 2004","Q2 2004","Q3 2004","Q4 2004","Q1 2005","Q2 2005","Q3 2005","Q4 2005","Q1 2006","Q2 2006","Q3 2006","Q4 2006","Q1 2007","Q2 2007","Q3 2007","Q4 2007","Q1 2008","Q2 2008","Q3 2008","Q4 2008","Q1 2009","Q2 2009","Q3 2009","Q4 2009","Q1 2010","Q2 2010","Q3 2010","Q4 2010","Q1 2011","Q2 2011","Q3 2011","Q4 2011","Q1 2012","Q2 2012","Q3 2012","Q4 2012","Q1 2013","Q2 2013","Q3 2013","Q4 2013","Q1 2014","Q2 2014","Q3 2014","Q4 2014","Q1 2015","Q2 2015","Q3 2015","Q4 2015","Q1 2016","Q2 2016","Q3 2016","Q4 2016","Q1 2017","Q2 2017","Q3 2017","Q4 2017","Q1 2018","Q2 2018","Q3 2018","Q4 2018","Q1 2019","Q2 2019","Q3 2019","Q4 2019","Q1 2020","Q2 2020","Q3 2020","Q4 2020","Q1 2021","Q2 2021","Q3 2021","Q4 2021","Q1 2022","Q2 2022","Q3 2022","Q4 2022"
,"Dollars",,,,,,,,,,,,,,,,,,,,,,,,,,,,,,,,,,,,,,,,,,,,,,,,,,,,,,,,,,,,,,,,,,,,,,,,,,,,,,,,,,,,,,,,,,,,,,,,,,,,,,,,,,,,,,,,,,,,,,,,,,,,,,,,,,,,,,,,,,,,,,,,,,,,,,,,,,,,,,,,,,,,,,,,,,,,,,,,,,,,,,,,,,,,,,,,,,,,,,,,,,,,,,,,,,,,,,,,,,,,,,,,,,,,,,,,,,,,,,,,,,,,,,,
"Final consumption expenditure","273,818","278,206","285,943","286,460","292,281","296,000","294,279","299,519","302,368","306,697","309,400","313,958","322,194","321,707","326,224","330,119","333,609","340,123","345,422","352,577","356,079","359,815","366,988","369,702","372,269","381,310","381,398","387,977","391,819","394,939","403,286","409,108","415,870","416,574","419,805","425,298","426,514","433,088","436,213","441,747","437,682","453,026","462,449","471,260","470,274","480,630","486,423","496,703","505,668","509,674","513,363","525,659","535,181","541,543","545,174","542,718","552,441","562,686","571,762","578,453","577,689","590,249","590,977","601,510","603,173","605,981","610,992","616,273","619,111","623,258","625,860","627,570","633,597","636,605","636,088","638,649","642,914","643,361","653,788","656,161","658,323","657,303","656,993","658,411","649,659","647,902","647,861","646,843","649,730","658,714","666,215","671,440","675,861","680,933","683,788","694,784","704,209","710,527","718,450","728,899","728,446","732,977","742,339","741,533","748,217","758,466","761,500","770,681","776,933","786,820","791,323","798,824","803,854","814,573","815,611","819,105","832,886","823,523","829,071","829,875","816,927","831,142","829,116","834,445","835,026","836,066","839,140","845,308","846,058","849,308","850,339","851,661","857,884","861,942","864,864","870,778","870,267","874,333","879,218","877,213","886,078","887,290","886,329","897,631","910,899","914,847","924,196","928,854","935,702","941,611","946,486","947,892","960,876","969,659","982,490","989,857","1,000,622","1,009,895","1,020,682","1,023,987","1,033,309","1,038,070","1,040,941","1,050,801","1,064,473","1,075,690","1,080,134","1,090,179","1,096,923","1,104,771","1,112,644","1,115,942","1,128,298","1,131,448","1,141,823","1,150,460","1,160,909","1,169,485","1,177,147","1,188,951","1,202,502","1,213,737","1,224,237","1,235,372","1,243,787","1,259,029","1,272,261","1,289,759","1,300,854","1,310,237","1,311,008","1,304,807","1,301,677","1,311,681","1,322,695","1,331,647","1,345,683","1,353,657","1,362,887","1,374,952","1,377,445","1,383,447","1,389,429","1,396,291","1,402,483","1,402,851","1,411,453","1,416,718","1,419,536","1,427,288","1,436,512","1,445,150","1,449,264","1,457,471","1,465,610","1,472,490","1,479,639","1,485,881","1,496,399","1,503,684","1,508,398","1,517,920","1,525,435","1,534,207","1,550,415","1,565,408","1,578,875","1,589,953","1,602,008","1,612,596","1,620,793","1,623,998","1,628,150","1,629,833","1,638,891","1,651,833","1,624,888","1,444,777","1,597,839","1,610,203","1,624,927","1,623,089","1,680,135","1,687,843","1,697,393","1,721,609","1,726,223","1,735,332"
"Household final consumption expenditure","182,300","185,701","190,235","190,957","195,357","196,473","195,639","199,205","200,555","204,195","205,380","208,914","212,841","213,447","217,667","219,213","221,211","226,542","230,235","234,938","236,469","237,686","242,080","242,165","244,424","248,909","248,601","253,591","256,291","257,476","262,413","266,101","272,191","270,963","273,525","276,915","274,285","276,262","281,571","284,175","282,331","292,045","298,513","304,991","306,053","313,674","316,119","323,309","332,008","334,325","336,786","342,748","352,240","353,940","355,566","351,331","359,063","363,495","369,989","376,319","376,079","385,820","387,271","395,211","393,760","392,777","398,904","402,651","405,568","408,284","410,197","411,345","417,074","417,084","418,243","419,295","422,032","420,390","427,591","430,014","430,710","430,309","428,039","429,061","422,690","419,347","417,718","416,226","422,142","427,407","432,555","437,255","441,559","446,141","446,624","454,380","459,695","463,876","473,078","477,946","477,242","482,968","489,669","489,913","494,896","502,956","507,406","512,895","516,028","523,449","526,742","533,377","537,195","544,116","542,312","545,852","554,046","547,349","547,376","545,467","534,089","543,037","542,556","545,614","545,600","547,725","550,621","552,618","555,603","557,725","561,534","563,122","572,744","573,588","576,082","582,772","582,490","586,815","593,048","593,009","600,893","601,632","603,551","613,979","623,617","628,444","636,756","641,220","641,880","650,067","653,632","655,070","664,192","670,392","678,376","684,957","692,463","698,483","707,365","708,579","714,392","715,537","717,183","725,892","736,646","745,602","747,115","754,630","758,664","765,296","772,438","773,882","784,209","788,114","795,440","801,861","813,035","820,058","825,517","833,352","845,036","852,667","862,048","870,951","878,693","891,981","900,362","916,872","924,095","925,145","925,694","914,495","911,646","919,610","929,661","936,029","946,496","954,546","962,245","970,991","972,728","977,054","981,039","987,066","992,771","993,919","1,000,006","1,005,516","1,011,863","1,021,213","1,028,792","1,035,215","1,038,695","1,048,213","1,055,843","1,063,496","1,065,536","1,070,760","1,078,753","1,086,341","1,086,985","1,091,277","1,098,903","1,107,216","1,119,347","1,134,136","1,144,486","1,151,676","1,159,463","1,165,460","1,172,344","1,172,238","1,178,479","1,180,682","1,185,807","1,193,992","1,166,621","1,003,000","1,133,590","1,136,735","1,142,579","1,136,728","1,191,441","1,195,266","1,201,384","1,228,311","1,227,135","1,233,374"
"Goods","81,917","84,173","86,512","86,200","89,920","90,311","89,634","92,000","92,606","94,594","94,836","96,964","99,026","99,013","101,414","102,166","103,173","105,982","108,111","110,467","111,180","111,184","113,664","113,444","115,010","118,641","118,466","119,648","120,488","121,130","123,408","124,938","128,706","127,950","129,120","131,318","129,744","130,091","133,912","136,709","135,284","140,354","144,316","149,430","149,786","154,271","155,168","160,598","165,576","166,921","168,117","171,934","178,332","178,820","179,901","175,183","179,941","182,962","186,704","191,101","188,212","194,236","193,906","199,081","196,738","195,436","199,051","201,733","202,546","204,520","205,215","206,169","210,215","209,823","210,865","210,100","210,311","207,981","212,633","213,838","215,069","213,145","211,478","213,024","206,648","205,219","204,286","202,905","206,240","209,231","212,523","215,499","217,652","221,267","220,926","224,519","227,589","230,212","235,412","238,482","236,366","238,466","243,388","240,749","240,597","246,142","247,480","249,635","251,705","252,938","255,248","257,800","256,433","260,111","256,583","257,453","259,465","255,854","254,926","251,793","245,060","250,904","249,439","247,976","248,571","249,159","250,327","252,723","253,884","254,163","254,872","255,233","261,157","261,513","262,802","267,376","265,619","266,723","269,767","268,913","271,421","272,336","272,377","278,112","281,677","285,642","289,708","293,132","291,341","297,876","300,124","299,170","304,722","307,230","312,734","315,374","319,402","322,149","327,237","325,135","328,368","330,294","328,884","336,059","343,101","345,676","345,540","351,845","353,641","355,520","358,736","355,349","361,392","362,738","365,931","368,885","372,768","375,141","375,976","377,292","383,140","388,693","394,226","395,552","399,810","407,646","409,638","415,291","421,997","422,752","422,374","415,667","413,108","416,138","420,503","423,230","427,867","428,353","433,772","436,881","434,800","436,110","438,502","442,076","443,771","442,589","444,795","447,377","450,833","455,691","460,842","465,008","465,113","470,166","473,964","477,111","476,998","478,812","484,838","488,782","490,115","489,652","490,821","495,745","503,370","513,363","515,555","518,528","523,136","525,335","528,569","527,820","529,944","531,047","530,970","531,085","514,377","475,019","554,846","553,899","556,290","541,658","555,035","552,478","556,775","557,138","548,617","552,742"
"Durable goods","7,346","7,769","8,474","8,275","9,009","8,992","8,727","9,337","9,374","9,955","9,673","10,584","10,944","10,871","11,365","11,027","11,608","12,459","12,626","12,967","13,528","12,561","13,606","13,781","13,494","14,535","14,236","14,056","14,639","14,950","15,439","15,865","16,689","16,249","16,314","16,674","15,546","15,685","16,341","15,750","16,171","17,432","18,507","19,973","19,577","20,773","21,115","22,815","24,704","24,504","24,784","25,715","27,030","27,305","27,268","25,117","26,755","27,594","29,220","31,167","28,627","30,810","29,976","31,795","31,765","30,613","30,949","31,598","31,510","32,731","33,202","32,723","33,839","33,696","34,333","33,790","33,491","31,411","33,525","34,014","34,758","34,520","32,493","33,030","30,143","29,975","29,667","30,315","31,601","33,484","34,945","36,034","37,899","38,369","38,881","40,233","41,268","43,521","45,005","46,528","46,671","45,990","47,940","46,551","47,906","50,008","50,234","51,395","52,476","52,984","53,224","53,842","52,913","55,071","52,476","52,837","54,274","52,031","51,363","50,631","48,131","51,971","51,330","49,261","49,893","49,849","50,595","50,870","50,424","50,633","51,188","51,143","52,419","52,678","52,343","54,848","52,800","52,660","54,300","54,248","54,471","54,866","55,502","58,775","60,178","61,917","63,513","67,064","63,168","66,758","67,218","66,943","69,324","69,728","72,419","73,608","75,200","76,242","78,544","75,477","77,508","78,510","78,103","82,580","85,049","85,736","85,344","87,773","87,785","88,947","91,191","87,496","90,004","90,568","91,370","92,706","94,130","95,583","96,272","96,019","98,772","100,801","103,624","104,617","105,131","109,291","108,601","111,123","116,500","116,103","115,392","109,208","106,398","109,302","112,943","115,069","115,189","114,492","116,832","118,760","116,545","117,768","117,678","120,724","123,226","120,884","120,710","121,224","123,803","127,398","127,956","127,904","128,929","133,000","135,684","135,875","133,366","135,328","139,200","141,962","142,690","141,269","141,449","144,608","149,665","153,250","153,812","154,525","156,302","157,398","157,174","157,504","158,109","157,553","157,327","156,394","138,667","121,457","167,221","166,825","165,061","160,702","159,769","159,282","162,337","156,482","153,788","159,033"
"Semi-durable goods","10,174","10,087","10,253","10,578","10,831","11,130","11,002","11,130","11,056","11,362","11,426","11,470","11,743","11,449","11,912","12,183","11,945","12,157","12,701","12,880","13,095","13,356","12,949","12,714","13,103","13,455","13,307","14,020","13,690","14,051","14,104","14,122","14,759","14,774","14,961","14,866","15,206","14,912","15,295","15,633","15,515","15,955","16,445","17,120","17,164","18,127","18,475","18,625","19,262","19,395","19,701","20,358","21,040","21,477","21,651","21,299","21,891","22,203","23,008","23,243","23,660","24,662","24,675","25,117","25,073","24,616","25,257","25,549","25,727","26,016","26,555","26,791","27,240","27,371","27,568","27,537","27,327","27,417","27,892","28,214","28,692","28,410","28,350","28,450","27,307","27,315","27,255","27,241","27,905","27,834","28,392","28,699","29,157","29,954","29,867","30,182","30,377","30,813","31,467","32,035","31,834","32,710","33,148","33,234","33,059","33,451","33,628","34,187","33,556","33,778","34,167","34,524","34,032","34,653","34,535","34,287","34,936","34,272","33,991","33,562","31,456","32,118","31,715","32,014","31,701","31,764","32,221","32,650","32,801","33,099","33,163","33,115","33,589","33,949","34,799","35,475","35,949","36,167","36,286","35,541","36,090","36,282","36,369","36,699","37,325","37,349","38,285","38,049","39,464","39,564","39,986","39,747","40,395","40,832","41,453","41,458","42,298","42,610","43,663","43,869","44,315","45,178","44,748","45,949","47,055","47,379","46,997","47,946","48,777","49,218","49,430","49,360","50,559","50,941","51,769","51,656","52,925","53,691","53,656","54,685","56,621","57,642","58,453","58,936","60,428","60,911","62,167","62,574","63,268","64,358","64,827","64,669","63,603","63,643","63,837","63,984","66,945","66,512","67,894","68,543","68,621","68,770","69,588","70,759","71,412","70,868","71,903","72,153","72,818","72,896","74,642","75,915","74,887","76,249","77,115","77,666","77,858","78,954","79,475","80,780","81,102","80,168","79,975","80,388","81,721","83,763","84,495","85,195","86,200","86,243","87,162","87,112","87,673","88,615","88,386","88,759","80,597","68,922","89,983","87,737","89,643","85,728","99,026","99,083","97,753","102,976","99,116","98,108"
"Non-durable goods","81,802","84,303","85,310","84,588","87,533","87,422","87,526","89,034","90,104","90,625","91,757","92,132","93,584","94,605","95,668","97,196","97,648","98,940","100,364","102,622","101,469","103,678","105,609","105,359","107,673","109,368","110,410","110,861","111,389","110,486","112,522","113,668","115,488","115,523","116,690","119,399","119,233","120,184","123,297","128,535","125,360","128,549","130,403","132,495","134,044","135,155","134,683","138,087","139,073","141,303","141,630","143,408","148,042","147,021","148,299","147,445","149,070","150,765","150,522","151,821","152,627","153,982","155,427","157,685","154,447","156,247","159,241","160,978","161,936","161,429","160,241","162,124","164,437","163,923","163,576","163,736","165,132","166,202","167,140","167,119","166,299","164,713","166,670","167,496","166,806","165,198","164,653","161,629","162,411","163,001","163,627","164,993","163,622","166,065","164,862","166,571","168,379","167,059","170,034","170,358","167,749","170,123","172,266","171,170","168,882","171,686","172,707","172,505","174,396","174,715","176,590","178,180","178,915","178,800","178,955","179,882","178,889","179,194","179,603","177,580","176,720","176,880","176,740","177,602","177,903","178,599","178,107","179,926","181,808","181,318","181,228","181,830","186,422","185,816","186,500","186,992","187,324","188,577","189,524","189,813","191,678","191,856","190,716","192,020","193,168","195,277","196,221","195,183","196,836","199,064","200,431","200,080","202,117","203,872","205,422","206,819","207,943","209,213","210,271","211,938","212,150","211,676","211,234","211,490","214,634","216,219","217,182","219,790","220,674","220,637","221,001","222,199","224,098","224,362","225,815","227,572","228,418","228,214","228,324","228,783","229,386","231,729","233,357","233,003","235,198","238,130","239,601","242,241","242,425","242,412","242,260","242,108","243,700","243,661","244,029","244,406","245,800","247,530","249,110","249,565","249,675","249,591","251,254","250,592","249,132","250,838","252,183","254,000","254,214","255,401","258,253","261,195","261,290","260,999","261,303","263,693","265,890","264,639","266,265","266,142","266,422","268,341","269,529","270,839","272,018","276,380","277,287","278,854","280,686","281,736","284,283","283,261","284,228","284,976","285,338","286,022","294,844","284,201","297,198","298,792","301,164","294,699","296,795","294,725","297,047","298,652","296,279","296,080"
"Services","104,868","105,402","107,430","109,077","108,234","109,083","109,188","109,775","110,565","111,981","113,199","114,214","115,926","116,815","118,284","119,074","120,036","122,347","123,605","125,858","126,701","128,367","129,980","130,494","130,843","130,626","130,520","135,157","137,317","137,811","140,524","142,843","144,621","144,259","145,675","146,524","145,648","147,631","148,414","147,387","147,262","151,701","153,782","154,164","154,948","157,694","159,367","160,230","163,588","164,451","165,709","167,415","169,654","171,017","171,426","173,125","175,641","176,675","179,151","180,534","184,242","187,449","189,570","191,875","193,278","193,844","196,143","196,940","199,192","199,745","201,016","201,102","202,419","202,933","202,913","205,073","207,892","209,018","211,198","212,397","211,600","213,616","213,190","212,354","213,340","211,388","210,741","210,807","213,242","215,384","217,024","218,560","220,671","221,290","222,242","226,400","228,502","229,904","233,695","235,311","237,111","240,845","242,247","245,681","251,303","253,442","256,696","260,104","261,036","267,659","268,481","272,654","278,444","281,582","283,857","286,677","293,203","290,227","291,362","293,020","288,670","291,444","292,659","297,688","296,979","298,576","300,328","299,703","301,556","303,496","306,739","308,015","311,521","312,011","313,201","315,165","316,798","320,104","323,273","324,169","329,646","329,417","331,371","335,974","342,123","342,822","347,042","347,966","350,578","352,018","353,291","355,789","359,266","362,979","365,316","369,285","372,716","375,987","379,703","383,228","385,763","384,866","388,108","389,397","392,959","399,447","401,159","402,154","404,396","409,242","413,170","418,294","422,484","425,075","429,218","432,682","440,064","444,774","449,527","456,229","462,023","463,944","467,708","475,431","478,880","484,240","490,715","501,643","502,043","502,329","503,278","498,819","498,529","503,462","509,147","512,788","518,617","526,178","528,467","534,100","537,924","540,944","542,532","544,983","548,996","551,332","555,212","558,140","561,035","565,534","567,988","570,269","573,617","578,096","581,936","586,435","588,551","591,942","594,002","597,671","597,031","601,679","608,041","611,480","616,070","621,007","629,053","633,260","636,482","640,262","643,918","644,533","648,619","649,724","654,815","662,719","651,840","529,605","581,695","585,661","589,108","597,389","638,416","644,714","646,558","673,209","680,610","682,731"
"Non-profit institutions serving households' final consumption expenditure","2,796","2,924","3,020","3,048","3,144","3,300","3,460","3,588","3,624","3,720","3,724","3,756","3,756","3,756","3,820","3,984","4,048","4,052","4,116","4,244","4,336","4,336","4,464","4,492","4,364","4,460","4,396","4,332","4,208","4,084","4,148","3,984","4,044","4,104","4,268","4,236","4,304","4,368","4,340","4,436","4,344","4,564","4,728","4,636","4,932","4,912","5,076","5,204","5,020","5,004","5,220","5,480","5,536","5,992","5,716","5,756","5,792","5,880","6,048","6,084","6,232","6,416","6,468","6,596","6,616","6,744","6,596","6,576","6,672","6,724","6,944","7,112","7,368","7,752","7,568","7,752","7,908","7,808","7,892","8,332","8,660","8,479","8,314","8,157","7,859","7,718","7,749","7,757","7,749","7,615","7,600","7,608","7,129","7,223","7,262","7,411","7,953","8,039","7,843","7,977","8,117","7,965","8,090","7,883","7,616","7,665","7,523","8,014","8,286","8,276","8,286","8,581","8,690","8,919","9,126","9,181","9,666","10,058","10,309","10,418","10,669","10,881","11,105","11,274","11,450","11,633","11,715","11,786","11,806","11,771","11,715","11,588","11,359","11,420","11,486","11,654","11,715","11,944","12,244","12,482","12,869","13,296","13,967","14,832","16,092","16,781","16,892","16,898","16,641","16,425","16,641","17,213","17,949","18,696","19,245","19,374","19,385","19,520","19,852","20,331","20,168","20,384","20,798","21,248","21,873","22,719","22,846","22,937","22,304","22,235","21,926","21,389","21,145","20,778","21,150","21,538","22,081","22,362","22,692","23,043","23,351","23,426","23,298","23,325","22,555","22,739","22,868","23,424","24,169","25,055","25,389","25,462","25,167","24,349","23,343","22,915","23,133","23,429","23,608","24,302","24,743","24,983","25,316","25,308","25,284","25,541","25,681","25,706","26,264","26,428","26,176","26,040","25,568","25,760","26,132","26,588","26,400","27,044","27,332","28,168","29,000","30,024","30,036","29,688","29,652","29,644","29,900","29,996","30,224","30,688","30,548","30,844","31,016","31,140","31,692","32,372","32,640","30,220","31,472","32,464","31,672","31,752","32,400","33,052","33,112","33,608","33,812","33,844"
"General governments final consumption expenditure","89,485","89,859","93,551","92,959","93,810","97,340","95,907","97,397","99,286","99,206","101,313","101,899","107,577","105,688","104,944","107,955","109,578","110,051","111,470","113,878","116,277","119,729","122,627","126,434","126,609","132,109","132,832","134,257","135,560","138,314","142,081","144,624","144,364","147,234","147,389","149,803","155,337","161,165","157,480","160,793","158,241","163,974","166,687","169,038","165,707","168,294","172,063","174,932","174,592","176,492","177,429","184,422","183,263","188,237","191,000","193,589","195,196","201,814","204,150","203,965","203,117","205,459","204,395","206,656","210,451","214,799","213,233","214,842","214,369","215,774","216,111","216,486","215,987","218,995","217,181","218,626","220,022","222,813","225,985","225,065","226,086","225,644","228,400","229,023","227,096","229,417","231,372","232,030","228,008","232,247","234,691","234,951","235,525","235,617","238,350","241,401","245,043","247,146","245,224","251,311","251,448","249,805","252,281","251,338","253,441","255,383","253,618","256,790","259,827","262,243","263,429","263,507","264,498","268,144","271,279","270,901","276,173","272,898","278,930","282,035","280,573","285,842","283,773","285,992","286,448","284,842","284,780","289,354","286,590","287,809","284,483","284,253","280,111","283,659","283,926","282,456","282,129","281,299","279,023","276,474","276,675","276,650","272,432","271,820","274,021","271,988","272,550","272,490","279,818","276,951","278,004","277,260","280,344","282,139","286,621","286,996","290,253","293,451","294,821","296,621","300,418","304,199","305,065","305,484","307,604","308,862","311,908","314,277","317,724","318,851","319,677","322,190","324,271","323,685","326,346","328,112","326,357","327,512","329,367","333,031","334,368","337,932","339,026","341,158","342,521","344,123","348,920","349,041","352,166","359,854","359,725","364,937","364,979","367,834","369,790","372,821","376,161","375,733","377,064","379,675","379,986","381,420","383,086","383,925","384,431","383,387","385,762","385,500","381,463","379,767","381,670","384,018","385,121","383,683","383,860","382,696","387,912","388,318","390,569","389,488","392,681","396,863","396,786","397,626","401,743","402,064","404,948","408,714","412,730","416,819","418,296","421,250","419,086","418,474","421,814","425,861","425,704","409,343","432,037","439,951","449,278","452,926","455,362","458,519","461,843","459,143","464,544","467,362"
"Gross fixed capital formation","57,964","59,451","61,456","61,529","62,447","62,124","64,134","63,611","63,120","64,475","65,593","68,499","71,540","72,454","73,605","78,383","78,465","79,524","83,707","86,417","89,172","91,886","91,072","92,200","92,409","92,045","90,759","89,468","91,318","91,386","91,441","93,655","94,614","96,178","96,978","97,683","97,833","94,391","96,919","98,492","99,184","103,244","105,694","107,654","107,922","109,281","108,427","107,313","113,087","115,578","117,806","121,989","126,731","122,462","122,548","121,926","123,062","126,458","131,469","133,647","135,033","139,589","136,088","136,897","138,930","139,980","141,535","140,494","139,966","143,294","143,172","145,013","146,713","148,132","155,898","156,698","158,653","154,725","161,208","165,750","173,711","178,563","174,290","172,483","166,867","155,537","148,647","152,156","151,428","154,515","156,102","157,229","157,594","157,412","158,770","159,000","162,766","170,434","175,814","177,416","179,185","178,710","177,538","178,125","182,659","190,938","200,818","204,020","208,001","210,160","217,167","214,244","223,315","221,498","220,521","227,932","224,572","219,115","213,115","205,484","207,171","204,822","205,461","208,340","206,893","198,347","202,337","193,948","191,824","196,378","200,611","203,403","206,035","212,492","212,640","214,122","208,810","208,315","207,812","208,817","213,405","213,481","222,193","232,804","237,115","243,536","250,898","253,335","252,804","253,365","253,873","256,696","259,541","266,175","268,319","274,873","277,347","279,243","282,596","283,871","291,601","295,469","299,090","291,023","291,761","295,695","300,323","301,136","303,844","306,867","316,518","323,717","331,286","336,517","341,414","347,249","356,674","365,271","375,143","383,143","390,194","393,658","393,575","395,759","401,474","404,443","406,121","410,981","420,386","417,773","414,173","397,086","357,087","355,386","366,529","383,801","397,336","405,802","410,414","417,644","422,078","425,721","427,425","431,614","443,581","448,228","447,594","450,833","453,316","453,416","453,908","455,535","456,586","460,542","466,863","473,052","453,116","440,630","435,014","431,533","423,015","419,949","421,165","414,247","425,595","429,324","433,223","446,403","448,586","449,521","442,947","437,203","444,226","444,247","454,048","450,206","451,374","391,442","447,349","459,330","476,102","474,983","458,442","469,173","475,594","464,671","456,630","453,605"
"Business gross fixed capital formation","44,499","44,649","46,122","45,804","45,590","45,735","47,753","47,240","46,667","47,999","49,258","51,789","55,216","55,857","56,652","60,611","59,888","61,179","64,392","66,696","68,923","71,050","70,132","70,760","71,278","70,346","69,214","67,769","69,401","69,710","69,773","71,678","73,487","74,650","75,382","76,204","76,995","73,800","75,795","76,591","76,418","79,422","81,304","83,413","84,203","85,408","84,990","84,599","90,880","93,248","95,198","99,629","104,378","100,015","98,893","98,256","99,583","102,478","107,910","109,914","111,200","115,763","112,977","113,718","115,431","115,718","116,936","115,563","115,654","118,817","119,181","120,717","122,690","124,430","132,098","132,979","134,043","129,693","135,706","140,051","148,082","152,359","147,683","145,418","139,918","128,517","121,576","124,233","123,973","127,137","128,422","129,491","129,320","128,834","129,541","129,271","132,308","138,631","143,161","145,050","147,185","147,190","146,651","147,486","151,441","159,464","168,913","172,048","175,202","176,724","183,219","180,452","188,572","186,565","184,763","190,678","186,966","181,609","174,954","167,445","168,423","165,299","166,016","168,051","167,304","159,046","163,320","155,975","152,646","156,865","161,034","164,138","166,216","172,426","171,438","172,184","168,297","168,014","167,131","167,735","172,717","173,644","182,288","193,551","199,057","205,757","212,732","215,233","214,632","215,365","216,130","218,509","219,058","223,789","225,298","230,989","233,517","235,777","238,424","239,074","244,277","247,479","249,806","239,565","240,815","244,625","249,094","250,249","252,322","254,273","263,477","270,163","276,809","281,714","286,024","290,415","296,888","303,633","312,176","318,868","325,742","328,789","328,565","329,739","334,437","336,330","337,061","341,623","347,862","345,381","341,949","323,869","284,618","280,479","286,062","297,652","310,583","318,116","322,749","330,475","336,928","343,268","348,122","354,855","364,986","368,723","368,565","372,506","375,760","379,060","379,799","382,721","384,082","388,573","394,437","400,361","378,771","368,060","362,334","358,462","349,356","347,954","349,770","341,919","351,687","354,240","355,362","365,410","366,807","369,922","364,035","361,570","368,700","368,754","376,648","372,871","371,415","312,871","365,711","377,430","393,989","393,811","377,230","387,172","391,963","381,670","375,019","369,928"
"Residential structures","25,355","26,070","27,018","26,070","25,961","26,342","27,911","27,119","26,225","27,305","27,398","30,304","31,834","30,746","31,492","34,312","33,706","33,155","33,683","33,077","33,310","34,133","30,436","29,830","30,956","31,578","33,799","33,939","34,398","37,334","36,689","39,726","40,985","43,043","42,290","41,599","40,379","35,772","37,248","40,402","40,472","43,704","45,498","46,625","47,433","48,349","48,528","47,961","50,936","51,930","51,122","52,808","57,384","52,917","49,911","46,990","45,615","47,114","52,971","55,729","57,718","62,410","63,334","61,105","61,648","62,076","62,464","61,765","62,363","63,225","62,410","62,355","62,169","61,198","62,658","62,371","60,895","54,890","58,339","61,283","64,305","66,978","61,519","55,924","54,759","48,584","48,103","52,698","55,801","61,977","62,226","59,592","59,792","59,738","60,970","61,393","61,300","62,685","67,521","71,779","71,005","73,480","75,125","76,718","81,172","84,295","87,935","86,939","86,062","87,251","86,411","87,929","92,121","88,653","89,180","92,035","89,459","83,905","78,314","72,130","67,098","68,101","69,735","71,615","73,727","72,995","75,322","74,674","71,379","71,381","71,629","71,999","75,151","76,625","74,906","71,457","66,457","62,717","62,010","62,265","64,241","67,682","71,750","74,181","73,991","74,899","75,307","75,592","73,561","72,495","71,794","71,130","72,399","75,037","75,997","77,114","75,984","76,513","79,891","81,390","83,775","85,685","87,901","91,876","97,091","99,025","100,849","103,056","102,097","100,527","105,014","106,864","110,287","112,870","113,787","115,617","114,819","117,667","117,726","117,969","122,299","120,944","117,749","117,924","123,275","123,990","123,597","124,108","122,686","119,828","117,129","110,317","103,206","106,877","111,194","118,051","121,412","119,956","117,742","116,924","119,274","119,074","122,121","123,346","128,772","128,122","127,057","126,969","125,930","127,890","127,037","126,818","125,265","128,194","131,103","131,469","132,415","132,599","135,122","135,736","137,943","139,099","139,293","140,583","142,896","141,655","140,776","144,612","142,843","142,364","140,871","137,801","134,745","139,517","142,817","142,700","141,117","120,755","159,027","166,964","180,959","173,692","158,304","162,753","165,590","151,326","143,607","140,338"
"Non-residential structures, machinery and equipment","20,676","20,494","21,176","21,329","21,253","21,193","21,985","21,935","21,898","22,385","23,223","23,859","25,644","26,505","26,711","28,367","28,082","29,135","31,155","33,010","34,497","35,640","36,408","37,074","37,014","36,024","34,222","33,056","34,030","33,020","33,311","33,421","34,245","34,172","34,898","35,686","36,709","36,242","37,050","36,388","36,375","37,252","37,878","38,925","39,153","39,587","39,124","39,077","42,452","43,764","45,635","48,212","49,613","48,486","49,112","50,040","51,712","53,133","54,378","54,547","54,110","55,243","52,487","54,054","55,090","54,951","55,561","54,739","54,590","56,481","57,011","58,088","59,671","61,254","66,122","66,679","68,020","67,288","69,928","71,650","76,343","78,123","77,101","78,012","74,435","68,869","64,139","63,984","62,354","61,746","62,411","64,163","63,681","63,145","62,963","62,656","64,764","68,596","69,553","68,952","70,657","69,589","68,467","68,056","68,792","73,228","78,441","81,477","84,319","84,472","90,043","86,782","91,046","91,675","89,947","92,844","91,034","89,785","87,076","84,645","88,087","85,575","85,337","85,836","83,898","77,290","78,999","72,864","71,317","73,999","76,891","78,235","77,322","80,717","80,559","83,292","83,269","85,827","85,220","85,165","87,033","85,942","90,313","97,968","102,675","107,540","112,725","114,000","113,755","114,346","114,923","116,791","117,684","120,144","120,358","123,852","125,875","125,595","124,552","122,851","124,013","125,343","127,152","117,032","115,015","117,187","119,456","118,260","119,969","122,820","127,436","131,767","134,138","135,882","138,236","140,455","146,030","148,902","155,531","161,242","164,921","169,309","171,782","172,613","172,370","173,267","173,865","176,973","183,397","183,772","183,666","174,589","147,764","141,467","142,763","146,832","154,799","162,264","168,253","176,689","181,620","186,102","186,764","192,233","196,785","203,004","203,480","207,875","211,597","213,826","215,169","218,262","220,554","222,682","225,852","230,281","210,830","202,139","194,628","189,781","178,180","175,340","177,592","168,556","173,994","176,630","177,562","184,966","184,386","187,389","183,539","182,956","192,020","187,960","192,532","189,483","189,161","153,513","164,453","166,856","166,758","175,521","177,223","183,401","185,019","190,700","192,518","189,829"
"Non-residential structures","23,411","23,761","24,534","24,805","23,603","23,252","23,794","23,702","23,662","24,290","24,429","25,360","27,006","27,719","28,466","29,682","29,464","29,953","30,931","32,226","34,347","35,318","35,615","35,708","34,532","33,488","32,787","32,635","33,091","33,058","32,992","32,715","32,457","32,186","32,992","33,864","35,688","35,358","36,276","36,587","36,897","37,459","38,047","38,232","37,750","37,862","37,248","37,036","38,880","39,574","40,955","42,540","43,637","42,217","42,739","43,928","45,778","48,071","49,505","52,016","49,670","49,214","45,573","45,395","47,675","50,747","51,018","51,613","50,873","51,811","51,058","51,111","52,862","56,053","60,408","60,553","63,427","62,344","63,302","64,584","67,980","68,232","68,295","69,771","68,208","63,645","57,916","58,823","57,337","56,222","55,676","56,969","56,046","55,415","55,838","53,623","55,291","59,628","59,217","57,450","60,530","55,245","52,157","51,609","51,804","56,425","58,830","60,507","59,616","61,742","64,047","65,266","66,737","64,614","65,777","67,252","66,687","67,014","66,238","64,023","64,796","64,154","62,914","62,757","58,013","53,214","53,707","49,758","50,383","52,947","53,500","55,185","54,232","55,461","56,621","58,037","58,849","56,724","56,500","55,067","55,100","56,353","57,974","61,113","65,662","68,017","70,778","69,758","68,323","67,373","66,192","66,215","68,249","69,475","70,944","72,372","71,812","69,842","67,928","68,544","71,472","72,751","73,545","72,261","69,957","69,093","68,975","68,534","70,575","72,272","73,917","76,001","76,787","78,324","79,442","79,564","82,220","83,947","86,124","88,357","90,625","93,462","96,305","97,630","96,578","96,369","96,738","97,055","103,490","105,023","105,586","102,990","88,703","82,810","81,991","82,788","90,724","95,215","101,126","107,437","111,529","110,684","115,373","119,714","122,927","128,521","129,127","133,393","136,617","138,764","141,596","142,771","146,298","147,404","149,191","151,962","136,962","130,522","124,467","119,723","114,592","110,201","117,286","109,205","109,121","110,457","112,147","113,891","113,011","113,401","112,692","111,722","113,353","114,038","117,407","119,283","121,165","102,380","100,608","99,138","103,217","105,698","107,037","110,873","112,025","113,618","116,195","119,047"
"Machinery and equipment","4,970","4,793","4,956","4,972","5,225","5,279","5,558","5,556","5,542","5,643","6,039","6,140","6,664","6,933","6,857","7,414","7,320","7,750","8,556","9,202","9,444","9,802","10,134","10,463","10,740","10,490","9,702","9,115","9,518","8,979","9,156","9,288","9,805","9,836","10,018","10,206","10,270","10,105","10,297","9,850","9,758","10,082","10,264","10,785","11,041","11,249","11,163","11,199","12,558","13,095","13,747","14,747","15,218","15,011","15,213","15,376","15,768","15,876","16,155","15,466","15,949","16,751","16,292","17,261","17,154","16,122","16,391","15,734","15,874","16,675","17,208","17,810","18,188","18,136","19,609","19,883","19,771","19,686","20,932","21,537","23,218","24,202","23,564","23,614","21,974","20,151","19,223","18,827","18,344","18,345","18,917","19,536","19,552","19,441","19,189","19,757","20,469","21,315","22,041","22,284","22,267","23,418","23,799","23,737","24,123","25,217","27,603","28,897","31,053","30,323","33,026","30,423","32,611","33,890","32,278","33,582","32,619","31,654","30,179","29,490","31,477","30,058","30,430","30,836","31,589","29,200","30,134","27,701","26,413","27,126","28,822","29,012","28,802","30,545","29,959","31,185","30,835","33,404","33,094","33,660","34,894","33,629","35,877","39,695","40,893","43,164","45,476","46,793","47,259","48,080","48,994","50,259","49,953","51,091","50,551","52,317","54,010","54,774","54,974","53,462","52,858","53,177","54,070","47,502","47,200","49,156","50,830","50,196","50,387","51,574","54,095","56,174","57,518","57,952","59,098","60,764","63,496","64,675","68,587","71,746","73,203","74,842","74,840","74,561","75,139","76,077","76,311","78,871","79,209","78,217","77,626","71,616","59,413","58,533","60,347","63,375","63,765","66,733","67,000","69,201","70,085","75,310","71,360","72,502","73,844","74,492","74,365","74,475","74,951","75,017","73,494","75,428","74,155","75,180","76,566","78,222","73,726","71,453","69,947","69,744","63,449","64,842","60,215","59,192","64,544","65,821","65,107","70,693","70,983","73,557","70,475","70,839","78,081","73,479","74,694","69,903","67,775","51,161","63,409","67,163","63,013","69,438","69,767","72,083","72,524","76,830","75,904","70,019"
"Intellectual property products","1,465","1,487","1,478","1,461","1,412","1,434","1,478","1,474","1,439","1,487","1,509","1,575","1,642","1,659","1,765","1,844","1,858","1,955","2,043","2,078","2,092","2,162","2,246","2,295","2,246","2,339","2,405","2,480","2,506","2,502","2,533","2,520","2,467","2,520","2,683","2,815","2,890","2,992","3,023","2,912","2,723","2,656","2,634","2,648","2,648","2,714","2,811","2,824","2,771","2,780","2,815","2,815","2,740","2,793","2,868","2,952","2,987","3,076","3,137","3,142","3,676","3,720","3,874","4,029","4,051","4,223","4,395","4,523","4,435","4,576","4,739","4,889","4,902","5,163","5,485","5,781","5,970","6,266","6,619","6,831","6,822","7,044","7,216","7,329","7,263","7,034","6,677","6,708","6,668","6,746","6,984","7,394","7,695","7,918","8,062","7,936","8,260","8,682","8,858","8,795","9,190","8,962","8,766","9,021","8,992","9,323","9,770","9,889","10,179","10,627","11,004","11,049","10,962","10,790","10,664","10,985","11,342","11,591","12,281","12,197","12,763","11,875","11,636","11,641","11,543","11,608","12,065","12,417","13,436","14,516","15,099","16,352","17,071","18,152","18,688","18,856","18,845","18,384","18,779","19,271","20,572","20,140","20,463","20,757","20,825","21,064","21,577","22,352","23,617","24,480","25,103","25,775","24,268","24,051","24,560","25,278","26,314","28,445","29,640","31,098","33,062","33,204","31,711","30,024","29,456","29,211","29,591","30,292","31,186","31,254","31,519","31,840","32,873","33,589","34,506","34,864","36,013","37,089","38,454","38,836","37,846","37,538","37,725","37,866","37,713","37,991","38,497","39,411","40,596","40,577","39,917","37,757","33,196","32,190","32,300","33,060","34,628","36,047","36,801","36,847","36,040","38,084","39,229","39,254","39,424","37,599","38,029","37,664","38,263","37,357","37,612","37,664","38,291","37,721","37,501","38,637","35,578","33,404","32,677","33,021","33,259","33,505","32,893","32,686","34,759","36,029","37,162","36,024","39,895","40,602","40,002","41,329","42,775","41,879","41,900","41,200","41,715","38,970","41,062","42,021","43,463","43,286","42,208","41,432","41,547","42,551","43,082","44,277"
"Non-profit institutions serving households' gross fixed capital formation","300","277","301","322","324","325","303","302","318","295","340","361","333","376","399","395","364","406","424","416","386","440","435","452","445","460","423","423","422","443","462","494","448","460","496","505","519","496","493","502","508","506","499","516","511","542","525","518","509","560","576","559","574","590","571","570","540","601","628","662","649","689","693","641","669","718","713","707","690","752","732","719","725","789","825","815","806","837","857","875","899","959","1,015","1,097","1,081","1,008","923","923","984","1,039","1,035","1,038","1,026","1,077","1,103","1,116","1,070","1,068","1,109","1,109","1,103","1,078","1,055","1,048","1,011","1,046","1,065","1,080","1,058","1,053","1,063","1,079","1,067","1,053","1,033","1,088","1,103","1,110","1,089","1,038","1,076","1,080","1,170","1,257","1,215","1,188","1,176","1,183","1,222","1,254","1,285","1,330","1,282","1,306","1,322","1,330","1,398","1,391","1,403","1,414","1,446","1,502","1,492","1,449","1,636","1,539","1,488","1,353","1,177","1,041","963","965","1,071","1,219","1,285","1,313","1,314","1,332","1,363","1,381","1,433","1,469","1,545","1,612","1,861","1,801","1,763","1,749","1,741","1,711","1,582","1,347","989","851","941","1,282","1,885","2,322","2,619","2,775","2,827","2,698","2,478","2,210","1,586","1,653","1,848","2,127","2,597","2,817","2,994","2,955","2,255","2,249","2,213","2,407","2,366","2,411","2,428","2,571","2,400","2,459","2,464","2,488","2,572","2,712","2,796","2,812","2,873","2,822","2,850","2,894","3,075","3,118","3,038","2,925","2,769","2,765","2,790","2,736","2,177","2,021","1,955","1,979","2,018","2,089","2,113","2,133","2,177","2,133","2,073","2,001","1,844","1,868","1,907","1,907","1,926","1,815","1,950","2,014","2,125","2,159","2,020","1,971","1,977","2,060","1,970","1,937"
"General governments gross fixed capital formation","13,287","14,649","15,157","15,532","16,686","16,215","16,234","16,224","16,280","16,344","16,150","16,515","16,178","16,400","16,732","17,559","18,427","18,155","19,106","19,531","20,113","20,644","20,746","21,235","20,935","21,480","21,365","21,508","21,734","21,475","21,443","21,729","20,926","21,318","21,351","21,221","20,561","20,335","20,870","21,651","22,519","23,595","24,173","24,002","23,471","23,595","23,166","22,441","21,923","21,983","22,247","22,007","21,983","22,048","23,272","23,281","23,133","23,572","23,133","23,272","23,397","23,346","22,621","22,750","23,046","23,752","24,094","24,427","23,831","23,937","23,471","23,794","23,517","23,124","23,189","23,120","24,025","24,399","24,861","25,055","24,990","25,512","25,830","26,185","26,065","26,146","26,246","27,096","26,569","26,454","26,762","26,824","27,354","27,591","28,200","28,665","29,438","30,790","31,608","31,343","31,013","30,570","29,968","29,730","30,354","30,575","30,989","31,037","31,895","32,544","33,044","32,872","33,838","34,055","34,925","36,375","36,721","36,613","37,291","37,219","37,895","38,698","38,512","39,272","38,605","38,364","38,075","37,021","38,235","38,513","38,505","38,098","38,713","38,883","40,064","40,819","39,289","39,080","39,464","39,865","39,382","38,427","38,422","37,686","36,199","35,964","36,377","36,447","36,723","36,689","36,500","36,939","39,214","40,997","41,572","42,397","42,330","41,931","42,605","43,220","45,726","46,355","47,588","49,821","49,008","49,170","49,345","49,003","49,654","50,776","51,332","52,073","53,365","53,821","54,301","55,393","57,742","59,139","60,139","61,282","61,378","61,925","62,301","63,614","65,316","66,334","67,098","67,103","69,818","69,463","69,114","70,146","70,214","72,701","78,348","83,873","84,482","85,359","85,304","84,638","82,775","80,007","76,842","74,270","76,024","76,792","76,232","75,515","74,687","71,561","71,291","69,968","69,485","68,917","69,454","69,829","71,660","69,887","69,964","70,405","71,553","70,036","69,495","70,422","71,963","73,072","75,851","78,977","79,725","77,560","76,936","73,716","73,757","73,700","75,571","75,513","78,152","77,048","79,752","79,863","79,819","78,799","79,187","79,936","81,606","80,991","79,695","81,976"
"Investment in inventories","742","1,176","-1,808","1,884","2,569","1,135","4,017","2,740","2,886","2,194","2,982","3,476","4,271","2,210","2,259","160","7,636","5,636","2,933","3,708","4,879","7,691","3,761","3,655","863","159","1,869","-221","152","2,294","3,251","3,986","4,504","4,878","5,584","6,262","2,282","2,619","3,413","-3,762","-2,543","69","2,966","3,868","111","2,296","3,773","2,917","3,168","2,421","6,941","7,366","5,262","11,068","9,778","13,431","8,420","2,258","851","1,873","7,914","5,703","7,200","2,878","5,548","5,399","1,983","2,442","-984","-1,124","1,399","4,527","5,434","14,774","6,393","11,355","3,250","8,900","-8,977","-4,200","3,201","10,708","2,158","-7,484","-10,258","-18,195","-21,563","-21,037","-8,837","-11,736","-3,193","178","5,958","11,403","6,470","3,723","7,723","5,702","10,021","7,419","10,899","8,791","1,905","-1,288","1,410","-691","1,713","12,280","12,674","6,136","6,543","4,714","1,452","11,665","14,034","1,399","-28","1,038","-7,879","-6,736","-3,449","-15,639","-9,942","-10,772","-11,027","-8,217","-8,921","-13,846","-6,525","-3,988","2,358","1,024","2,874","2,545","1,370","2,900","9,421","15,835","12,269","6,423","2,088","-6,533","1,910","8,826","4,626","9,951","12,721","13,565","16,250","7,838","-3,206","5,144","1,728","5,388","3,659","15,999","16,383","15,336","15,942","10,721","-2,564","-1,075","-7,096","-16,445","-18,252","-32","-503","4,176","13,510","13,438","-2,953","1,728","-3,315","-5,610","14,205","22,556","20,493","11,182","13,592","10,239","17,264","17,949","12,862","39","3,606","535","17,185","21,746","10,406","7,719","15,727","8,212","5,130","-8,174","-4,469","-5,061","4,127","-5,067","4,590","-6,397","10,949","17,630","10,396","12,083","4,482","6,327","10,519","5,960","15,583","12,447","18,936","24,252","21,226","9,746","5,469","8,130","13,373","8,987","-8,534","-5,966","-4,551","5,671","6,682","-3,057","14,629","20,434","25,930","15,807","19,267","19,354","12,573","15,246","25,063","17,220","4,966","6,820","-2,821","-31,596","-43,861","-15,695","-17,690","4,659","-11,680","8,120","19,421","57,592","52,072","22,290"
"Of which: business investment in inventories","742","1,098","-1,870","1,931","2,654","1,080","4,003","2,738","2,894","2,241","2,951","3,521","4,225","2,310","2,341","83","7,497","5,699","2,923","3,708","4,863","7,652","3,785","3,655","834","138","1,863","-229","175","2,299","3,226","3,978","4,548","4,888","5,582","6,313","2,255","2,619","3,391","-3,626","-2,588","40","3,071","3,741","48","2,270","3,829","2,943","3,175","2,477","6,866","7,364","5,281","11,010","9,759","13,433","8,492","2,205","842","1,846","7,914","5,741","7,210","2,869","5,523","5,425","1,988","2,423","-1,002","-1,105","1,432","4,441","5,474","14,802","6,445","11,189","3,337","8,938","-8,916","-4,431","3,669","9,554","2,468","-7,672","-10,287","-18,215","-21,553","-20,725","-9,060","-11,620","-3,111","8","6,061","11,298","6,378","3,832","7,808","5,654","9,993","7,504","10,833","8,779","1,993","-1,406","1,462","-683","1,746","12,180","12,686","6,142","6,521","4,622","1,475","11,779","13,981","1,580","-218","1,006","-7,832","-6,716","-3,401","-15,715","-9,900","-10,650","-11,248","-7,976","-8,997","-13,904","-6,525","-3,959","2,288","1,062","2,858","2,543","1,402","2,897","9,304","15,972","12,257","6,378","2,105","-6,556","2,054","8,634","4,716","9,924","12,701","13,599","16,259","7,835","-3,208","5,166","1,709","5,367","3,713","15,935","16,395","15,341","15,905","10,709","-2,530","-1,059","-7,153","-16,398","-18,252","19","-481","4,126","13,504","13,434","-2,967","1,697","-3,195","-5,811","14,239","22,785","20,390","11,107","13,647","10,190","17,281","18,015","12,869","39","3,587","497","17,111","21,877","10,282","7,571","15,788","8,341","5,004","-7,776","-4,664","-5,098","4,037","-5,236","4,278","-5,895","10,135","18,478","10,311","12,489","-181","6,647","10,465","6,077","15,273","12,798","19,476","23,905","22,192","8,743","5,529","8,132","13,506","8,970","-8,612","-5,995","-4,227","5,257","6,766","-3,404","16,105","19,263","25,982","16,035","19,532","18,863","12,648","15,134","25,102","17,276","4,964","6,693","-2,033","-33,923","-41,718","-16,389","-19,557","6,699","-11,444","6,892","19,948","57,395","52,273","22,110"
"Non-farm","2,321","2,320","-32","3,245","1,925","880","2,713","1,348","1,592","322","1,192","3,721","3,860","3,493","3,465","231","6,156","4,033","3,625","4,742","3,978","5,994","3,042","2,835","1,822","857","1,152","-1,094","372","1,889","2,087","2,549","3,358","2,773","3,341","4,384","2,190","2,040","4,738","-3,100","-3,651","101","3,396","3,901","834","3,438","5,595","3,277","4,166","2,629","6,326","6,858","7,933","9,263","11,529","14,854","5,096","1,089","1,808","2,325","6,727","4,676","5,615","2,230","4,525","5,794","2,041","3,665","-2,038","-3,212","1,274","4,410","6,215","14,063","7,986","10,657","4,440","10,191","-7,911","-4,116","1,724","8,432","1,875","-7,885","-11,473","-18,132","-21,400","-20,496","-6,538","-10,617","-1,986","263","6,816","12,440","10,022","5,170","7,374","4,351","8,207","7,145","9,302","7,255","-61","-1,523","471","182","2,553","12,842","14,056","8,957","9,021","5,330","648","9,251","11,871","1,010","-867","82","-10,985","-8,785","-5,083","-16,312","-10,135","-10,700","-9,655","-7,562","-6,925","-13,565","-7,883","-5,736","818","-846","-176","931","2,091","2,796","8,087","13,962","10,828","6,548","2,493","-9,988","-1,087","7,988","2,978","10,540","14,888","16,119","15,814","5,824","-3,505","5,369","625","3,335","3,221","15,027","15,532","14,552","15,503","9,610","-2,075","464","-5,263","-14,038","-17,054","1,568","1,731","5,918","11,122","10,338","-6,423","-1,019","-4,887","-7,224","12,176","19,967","18,200","9,292","11,867","8,676","17,274","18,639","13,285","1,035","4,506","1,542","18,007","22,117","9,044","5,522","11,751","5,801","6,237","-5,478","-6,067","-6,374","4,954","-3,253","5,260","-4,786","9,436","17,832","9,710","13,578","1,485","5,748","9,277","3,550","10,893","7,315","12,400","18,951","19,906","9,699","6,350","7,832","12,874","8,492","-9,800","-6,902","-4,800","3,257","6,219","-2,643","15,510","17,919","25,586","13,624","18,601","18,695","11,936","14,906","24,063","16,791","3,914","4,164","-4,452","-35,539","-36,607","-15,187","-9,577","13,675","51","5,877","21,215","48,422","43,872","19,195"
"Farm","-2,266","-1,708","-2,348","-1,810","808","208","1,442","1,639","1,525","2,341","2,105","-408","277","-1,604","-1,555","-205","1,382","1,884","-1,057","-1,529","907","1,753","766","864","-1,224","-876","783","1,017","-230","415","1,235","1,559","1,270","2,335","2,499","2,128","-8","610","-1,823","-502","1,335","-71","-490","-314","-939","-1,427","-2,026","-378","-995","-138","550","560","-2,056","1,685","-1,271","-1,030","3,143","1,024","-884","-445","1,169","1,039","1,566","636","995","-369","-50","-1,197","935","1,768","162","138","-371","1,058","-923","772","-735","-694","-1,040","-368","1,698","1,148","553","67","929","-304","-378","-418","-2,445","-1,029","-1,100","-243","-651","-965","-3,371","-1,259","452","1,309","1,809","335","1,560","1,579","2,280","155","1,109","-969","-937","-1,025","-1,984","-3,437","-2,872","-828","891","2,644","2,154","614","734","1,030","3,754","2,552","2,047","1,053","545","393","-1,645","-273","-2,278","-131","1,625","2,052","1,610","2,083","3,305","1,767","-797","80","1,240","2,033","1,429","-288","-461","3,813","3,389","596","1,926","-905","-2,716","-3,124","191","2,195","438","-387","1,264","2,309","496","707","671","627","192","1,076","-472","-1,658","-1,974","-2,400","-1,143","-1,706","-2,430","-1,953","2,454","3,420","4,988","3,874","2,651","2,367","2,179","2,782","1,988","2,008","1,815","1,610","-953","-1,835","-1,185","-1,358","-1,379","-1,396","-1,755","-909","1,234","2,149","4,228","2,754","-1,573","-2,590","1,911","1,823","-1,355","-2,373","-1,320","-1,163","651","552","575","-1,172","-1,622","898","1,188","2,484","4,342","5,449","7,126","5,012","2,268","-963","-752","376","783","575","869","698","461","1,915","549","-757","576","1,323","370","2,404","903","108","684","181","1,003","457","1,057","2,564","2,450","1,596","-5,097","-1,229","-9,526","-6,236","-10,046","974","-552","8,464","7,949","2,849"
"Exports of goods and services","44,862","44,367","45,757","46,728","47,173","47,335","46,567","49,065","49,485","50,597","50,946","55,841","56,757","60,438","59,518","58,269","58,754","59,589","61,961","65,339","66,376","67,564","71,671","72,282","73,542","78,225","77,866","78,088","82,169","85,102","87,312","90,949","91,985","91,029","92,238","97,877","101,498","101,457","102,433","101,968","103,870","105,422","110,656","107,243","108,563","117,322","113,878","124,275","129,338","130,395","123,830","127,244","123,092","121,762","123,765","119,142","111,106","112,442","112,072","111,723","115,228","121,807","124,640","120,685","125,691","128,174","128,958","130,723","136,170","140,479","142,714","145,551","148,924","142,947","147,943","146,659","150,891","144,595","145,435","151,903","149,177","153,307","149,663","150,775","147,553","150,291","154,870","141,889","145,884","155,794","157,920","169,395","177,715","183,446","193,873","191,085","192,487","194,155","195,111","197,821","199,020","200,877","207,643","207,109","209,048","206,170","209,422","216,022","227,727","231,498","226,082","231,910","235,998","226,863","228,148","234,084","237,663","246,283","244,849","238,350","233,450","243,734","253,034","252,616","254,736","261,973","265,963","273,228","283,144","291,245","293,470","302,028","303,992","325,608","338,383","351,831","361,591","353,778","354,042","367,421","367,630","381,818","390,025","379,595","400,857","405,962","417,648","425,183","439,029","443,948","452,927","470,743","488,010","488,756","505,803","519,712","537,425","545,503","549,674","550,399","540,481","533,141","522,088","523,974","532,956","532,103","544,160","536,520","527,886","517,269","523,582","540,327","539,677","565,093","563,225","557,714","563,240","561,190","569,271","582,575","574,749","572,631","572,306","576,651","582,434","591,407","581,239","567,381","559,123","564,139","559,627","534,041","488,049","468,265","480,789","492,398","499,315","515,523","515,499","528,009","529,014","521,281","550,239","557,182","556,461","556,941","553,209","551,838","560,597","570,866","566,836","574,741","572,813","607,486","616,555","619,905","613,634","621,986","634,319","629,449","642,847","616,598","634,400","640,701","644,134","649,413","633,561","644,064","655,025","669,793","673,409","671,399","671,718","692,929","694,918","682,411","669,236","556,322","631,770","641,872","649,575","616,204","621,740","645,565","633,100","643,771","660,263","661,654"
"Exports of goods","35,810","35,398","36,457","37,198","37,472","37,198","36,663","38,929","39,203","40,130","40,380","44,652","45,530","48,879","47,933","46,501","46,962","47,584","49,527","52,945","53,357","54,651","58,231","58,830","59,732","61,345","59,109","63,332","68,226","70,747","72,845","76,886","76,842","75,523","76,612","82,036","84,645","85,081","86,283","85,106","87,646","88,666","93,546","90,280","93,080","100,372","96,885","106,252","110,803","111,686","105,188","108,626","102,957","102,334","104,099","99,617","92,447","94,012","93,634","93,237","95,654","102,628","104,992","101,799","106,409","108,155","108,999","110,583","115,271","118,660","120,508","122,509","125,270","118,880","123,495","122,107","125,555","119,792","120,523","126,894","123,446","127,348","123,955","125,310","122,908","125,673","130,294","118,630","122,960","130,576","132,361","143,273","150,410","156,236","166,062","163,415","164,179","165,443","165,959","168,169","169,478","169,852","174,733","176,340","177,942","174,850","177,273","183,634","192,032","198,000","192,388","197,334","200,167","191,968","193,043","198,573","202,297","209,061","208,379","202,236","197,721","207,986","216,529","214,535","217,872","223,210","227,085","232,532","242,091","249,683","250,697","258,643","257,929","276,710","292,860","303,403","311,736","304,214","303,212","314,708","313,999","327,008","333,785","323,564","344,582","347,570","357,709","364,254","373,940","376,658","385,085","401,565","417,640","418,918","434,050","445,662","461,355","468,416","471,009","471,314","461,884","454,557","445,068","446,770","452,988","451,592","462,672","453,240","448,470","440,453","442,602","456,668","456,601","479,261","476,484","469,865","476,241","472,895","480,355","491,918","485,955","482,816","481,970","485,893","493,369","501,073","492,074","477,915","471,078","475,345","469,977","443,853","401,851","381,837","395,438","405,482","414,636","431,089","429,926","441,724","443,437","433,100","460,532","466,246","464,718","464,260","461,657","459,921","469,083","477,891","471,365","479,931","475,652","507,060","516,269","517,436","510,298","518,608","530,977","525,429","534,957","508,047","523,997","528,176","530,842","534,952","517,736","527,336","531,219","545,295","547,987","544,724","537,046","553,394","552,688","542,810","537,427","439,498","514,607","522,207","531,216","498,585","500,462","518,367","508,779","516,763","530,764","528,911"
"Exports of services","9,621","9,544","9,922","10,187","10,417","11,143","10,842","10,919","11,108","11,297","11,409","11,858","11,816","11,934","12,094","12,530","12,507","12,755","13,192","12,796","13,646","13,392","13,817","13,782","14,195","18,197","20,888","15,269","13,864","14,242","14,254","13,516","14,885","15,428","15,523","15,523","16,633","16,036","15,712","16,615","15,741","16,326","16,562","16,503","14,714","16,154","16,326","17,193","17,618","17,789","18,008","17,789","20,203","19,259","19,448","19,649","19,017","18,551","18,598","18,698","20,032","18,964","19,436","18,622","18,840","19,725","19,584","19,714","20,416","21,455","21,850","22,883","23,538","24,813","24,908","25,232","26,100","25,952","26,047","25,415","26,991","26,910","26,890","26,368","25,354","25,055","24,584","23,649","22,842","25,483","25,826","25,829","26,953","26,403","26,529","26,522","27,340","27,800","28,356","28,883","28,666","30,530","32,659","29,897","30,241","30,649","31,564","31,561","35,258","32,349","32,822","33,687","35,087","34,292","34,502","34,783","34,488","36,417","35,575","35,353","35,034","34,862","35,535","37,232","35,883","37,838","37,887","39,771","39,950","40,346","41,664","42,156","45,179","47,880","43,562","46,589","47,983","47,902","49,425","51,248","52,344","53,302","54,748","54,817","54,500","56,811","58,293","59,241","63,651","66,025","66,446","67,545","68,505","67,897","69,682","71,963","73,850","74,817","76,524","76,993","76,723","76,941","75,421","75,589","78,476","79,098","79,947","82,107","77,926","75,247","79,669","82,313","81,699","84,284","85,333","86,636","85,654","87,080","87,620","89,292","87,380","88,511","89,075","89,467","87,533","88,771","87,651","88,101","86,692","87,425","88,554","89,779","86,053","86,326","85,281","86,850","84,602","84,374","85,493","86,220","85,508","88,231","89,638","90,872","91,734","92,678","91,559","91,921","91,530","92,996","95,441","94,815","97,212","100,353","100,173","102,373","103,239","103,340","103,344","103,909","107,665","107,942","109,864","111,937","112,697","113,857","115,094","116,025","122,971","123,661","124,583","125,792","133,502","138,323","140,980","138,375","130,845","115,357","116,723","119,195","117,891","117,426","121,303","127,366","124,422","127,253","129,574","133,325"
"Less: imports of goods and services","36,821","36,710","37,045","39,724","39,756","38,699","38,305","37,029","37,212","38,245","39,828","41,427","43,034","44,593","43,919","45,012","47,508","48,696","50,243","53,788","54,582","55,491","57,413","59,507","59,610","60,280","60,216","59,710","64,894","62,740","65,201","71,677","74,484","74,779","74,037","76,637","74,300","75,034","75,182","71,047","72,211","77,762","81,893","84,046","84,118","89,274","91,630","95,949","100,913","101,922","102,927","109,578","112,585","113,606","115,424","114,591","111,955","109,339","109,084","110,898","115,301","119,599","116,876","116,836","116,967","118,969","116,609","113,554","113,239","120,704","120,867","126,920","128,133","126,908","129,552","130,637","128,659","123,746","119,511","127,207","126,079","134,000","127,911","123,095","113,578","107,493","107,104","101,766","107,460","112,418","121,697","131,813","136,862","138,527","143,096","137,191","142,982","150,120","153,817","154,662","157,796","156,738","163,347","163,232","161,584","163,928","168,328","181,898","188,925","188,949","193,585","195,676","200,826","202,180","200,882","207,817","209,149","209,701","205,669","202,931","203,261","207,269","216,805","220,900","220,508","222,848","226,548","221,829","231,889","239,177","240,549","246,846","246,717","258,060","260,430","272,774","272,778","274,980","273,680","276,572","282,488","282,142","293,038","299,217","317,411","324,441","338,112","343,044","347,366","349,216","341,361","355,155","361,939","368,675","377,640","397,062","405,539","407,832","411,630","408,073","396,951","394,347","385,458","376,190","378,338","396,533","403,965","403,025","406,508","407,276","407,898","427,142","430,920","442,528","455,247","460,378","475,835","472,288","480,595","491,840","496,260","509,392","508,624","508,467","519,459","527,736","540,529","551,830","552,494","556,434","541,540","508,238","459,155","452,016","480,650","499,322","521,491","536,043","546,067","548,300","560,617","565,732","570,146","575,784","586,368","586,529","592,853","590,798","597,753","603,976","601,350","602,423","598,906","619,152","621,680","626,645","623,740","625,307","617,785","618,082","619,638","621,360","628,463","616,714","639,100","649,470","648,904","663,746","674,092","683,445","669,159","660,467","680,847","675,456","674,642","666,376","662,746","519,753","622,934","639,894","653,290","653,984","648,976","679,773","682,041","724,709","721,505","698,762"
"Imports of goods","26,522","26,470","26,451","28,490","29,094","27,933","28,004","26,951","27,149","27,862","29,165","30,524","31,633","33,078","32,309","32,988","35,508","36,274","37,633","40,795","41,314","41,956","43,349","45,189","45,223","45,813","45,813","45,044","49,815","48,027","49,848","55,460","57,192","56,225","56,244","58,924","55,885","56,244","56,386","53,011","55,172","59,279","62,161","63,729","65,309","69,419","71,062","74,463","78,883","79,962","80,306","85,562","87,085","88,366","90,162","88,952","85,249","83,311","82,956","83,938","87,123","90,184","88,026","87,728","88,344","90,401","87,847","85,727","85,652","91,719","92,208","97,711","99,768","98,536","101,000","101,560","99,357","95,295","90,830","97,987","95,859","103,211","98,641","94,611","85,001","81,189","81,187","76,134","81,707","85,036","92,842","101,988","106,322","108,260","113,084","108,120","111,855","118,792","122,092","122,919","125,414","123,809","129,724","129,245","127,880","129,182","132,866","145,066","150,369","149,207","152,778","153,885","157,281","158,471","156,973","161,891","162,071","162,237","157,695","155,485","156,643","158,646","167,235","168,662","169,821","171,551","176,359","173,285","181,270","187,232","187,554","194,387","193,567","204,406","210,701","221,780","222,233","223,027","220,921","223,100","228,950","227,907","237,523","242,256","260,504","267,822","279,648","284,947","288,527","289,672","284,411","297,794","303,351","308,316","316,163","332,479","340,407","342,456","346,026","342,675","331,775","330,583","322,796","314,153","316,666","330,743","337,162","336,481","339,596","339,540","335,764","350,492","354,789","366,942","379,097","381,548","395,361","392,349","398,217","408,427","411,424","424,151","422,002","423,274","433,656","437,723","449,173","452,376","452,946","459,452","446,158","419,535","369,953","361,813","388,429","402,952","418,620","431,965","443,816","441,903","453,601","455,904","461,646","467,564","472,932","474,004","477,900","475,852","482,748","488,594","486,768","488,450","484,076","500,657","503,480","508,185","504,566","502,920","497,313","497,170","498,588","498,591","506,135","493,572","514,237","525,501","520,727","533,909","539,293","548,628","534,552","527,230","543,436","539,815","538,397","526,417","518,853","420,361","521,588","534,644","543,426","541,379","530,493","553,297","557,102","590,925","585,936","566,036"
"Imports of services","12,052","11,954","12,538","13,221","12,178","12,555","11,779","11,610","11,550","11,943","12,151","12,315","12,921","12,850","13,139","13,691","13,237","13,778","13,871","13,986","14,341","14,646","15,263","15,384","15,482","15,526","15,427","15,913","15,913","15,597","16,312","16,907","18,256","20,178","19,092","18,687","19,998","20,495","20,495","19,763","18,191","19,785","21,227","21,882","19,681","20,730","21,555","22,494","22,843","22,658","23,526","24,946","26,901","26,349","26,131","26,912","29,238","28,457","28,670","29,833","31,270","32,755","32,187","32,635","31,794","31,412","32,083","30,931","30,571","31,892","31,341","31,439","29,861","30,041","29,970","30,718","31,428","30,713","31,848","31,521","33,525","33,218","31,493","30,873","32,574","29,521","28,905","29,183","28,607","30,658","31,897","32,222","32,766","32,130","31,188","30,374","32,948","32,523","32,756","32,701","33,356","34,249","34,682","35,217","34,949","36,246","36,909","37,752","39,644","41,372","42,519","43,773","45,885","46,004","46,409","48,740","50,290","50,797","51,836","51,302","50,112","52,602","53,248","56,616","54,555","55,229","53,518","51,598","53,771","55,115","56,406","55,404","56,296","56,405","51,255","52,278","51,704","53,395","54,473","55,241","55,089","55,957","57,125","58,663","58,015","57,466","59,247","58,680","59,431","60,193","57,422","57,631","58,878","60,717","61,812","64,929","65,409","65,645","65,844","65,664","65,548","64,073","62,980","62,377","61,995","66,161","67,174","66,911","67,276","68,112","72,534","77,066","76,565","76,059","76,633","79,331","80,994","80,455","82,907","83,948","85,376","85,806","87,177","85,768","86,423","90,563","91,950","99,810","99,905","97,399","95,785","89,076","89,130","89,978","92,221","96,336","102,725","103,995","102,327","106,326","106,983","109,777","108,469","108,189","113,446","112,525","114,950","114,939","115,021","115,420","114,630","114,053","114,861","118,524","118,264","118,516","119,195","122,360","120,460","120,902","121,042","122,718","122,345","123,058","124,870","124,091","128,122","129,838","134,683","134,774","134,461","133,076","137,241","135,514","136,065","139,385","142,931","100,049","104,089","107,963","112,438","115,008","120,549","128,594","127,076","136,056","137,831","134,896"
"Statistical discrepancy","-3,376","-1,727","1,284","773","1,636","2,442","299","-124","-569","1,016","780","201","-1,838","1,091","221","305","-1,269","-284","84","849","467","-2,468","-3,265","1,220","962","-532","-410","-474","298","74","-1,637","1,414","2,995","3,660","1,754","-774","297","-1,250","-4,248","-4,531","-3,463","-2,242","-3,525","-2,852","174","-1,172","694","2,753","2,931","3,252","1,881","918","3,238","3,357","4,365","4,218","2,923","1,523","1,952","1,311","5,143","2,989","-136","1,658","-955","-1,576","-4,003","-3,886","-3,126","-114","-1,741","2,320","-2,970","-3,060","2,713","1,235","2,145","-16","-3,107","-2,541","-3,359","-2,092","1,000","773","-2,147","-386","-2,310","-4,318","-4,244","-2,753","-1,122","-638","-898","-263","-2,158","-1,509","1,514","945","-2,019","1,109","-1,787","-2,470","460","-2,417","-347","2,235","2,942","2,517","2,062","1,730","1,250","1,960","4,673","957","-1,128","1,551","739","1,357","637","843","-417","-726","-1,987","-2,071","-2,873","-1,384","-1,611","-2,110","715","480","-2,151","-1,062","1,811","-1,023","326","1,084","-1,077","745","-205","539","373","158","-1,369","-1,527","761","1,721","1,039","2,836","1,261","1,605","-1,429","1,621","2,268","1,322","1,275","2,882","2,085","2,201","1,701","-609","766","-674","-1,235","563","1,883","683","1,241","-90","2,476","1,607","54","210","1,035","-33","-76","279","-362","1,153","1,661","-286","-935","867","-870","-40","-1,076","-760","-1,316","-1,131","-76","572","-1,200","-664","-226","-1,437","-1,593","-414","-889","-1,115","-2,237","-1,493","-1,178","-923","-1,253","-823","-1,509","-1,193","-404","-1,022","-1,387","521","1,581","-1,149","-1,504","-212","234","-681","-211","-794","-1,228","-1,129","1,140","1,481","1,225","1,252","-1,808","-170","-982","-97","457","-421","133","127","1,661","1,335","-1,182","-1,312","-1,250","1,800","-502","-1,269","-1,952","789","-686","-3","520","1,277","1,211","1,016"
"Gross domestic product at market prices","342,687","351,364","359,914","364,811","374,518","377,495","382,323","389,825","392,297","398,002","401,027","413,577","423,930","425,518","430,060","432,217","445,966","450,049","456,330","467,514","476,611","486,899","486,666","492,697","491,587","501,828","503,410","505,603","509,913","523,621","530,914","538,265","545,634","547,879","553,957","561,785","565,257","565,304","571,154","572,021","569,078","585,694","601,880","608,458","606,422","623,614","625,464","640,155","656,585","662,849","665,931","678,214","683,827","690,841","690,974","687,374","683,629","692,399","705,683","713,849","726,289","741,951","745,377","746,581","758,032","761,900","766,378","778,522","785,245","790,590","797,965","805,531","811,958","822,729","828,760","834,320","840,113","839,746","839,048","850,657","868,983","878,750","870,861","866,874","856,676","846,763","839,341","831,597","845,508","862,126","871,768","882,754","897,940","915,503","919,353","933,920","948,110","951,132","963,199","977,982","977,688","983,246","984,487","977,378","999,928","1,012,843","1,028,259","1,041,543","1,056,728","1,066,087","1,066,184","1,073,620","1,085,867","1,090,017","1,093,917","1,091,582","1,101,873","1,097,310","1,089,546","1,079,836","1,064,426","1,069,389","1,070,821","1,072,797","1,073,579","1,074,890","1,080,662","1,086,810","1,093,765","1,103,723","1,114,242","1,119,052","1,135,542","1,152,136","1,166,865","1,175,379","1,186,304","1,186,783","1,188,347","1,193,217","1,194,038","1,202,352","1,212,740","1,222,507","1,238,634","1,252,626","1,267,450","1,279,723","1,297,798","1,298,491","1,310,310","1,328,139","1,352,229","1,363,541","1,384,876","1,404,357","1,426,823","1,443,782","1,458,465","1,460,962","1,468,700","1,472,658","1,471,677","1,480,637","1,502,613","1,511,469","1,524,550","1,532,914","1,541,396","1,539,123","1,544,874","1,555,533","1,566,737","1,585,347","1,604,061","1,615,585","1,621,176","1,632,938","1,652,719","1,669,060","1,682,596","1,683,465","1,688,166","1,694,895","1,705,736","1,722,263","1,729,494","1,731,459","1,732,786","1,739,053","1,753,314","1,732,984","1,693,824","1,675,340","1,682,878","1,702,503","1,723,041","1,732,057","1,744,332","1,763,825","1,777,148","1,780,610","1,805,176","1,819,392","1,820,558","1,826,496","1,828,984","1,832,766","1,849,206","1,859,938","1,875,096","1,894,795","1,897,892","1,915,226","1,933,594","1,946,974","1,936,275","1,931,005","1,937,835","1,939,286","1,949,923","1,940,335","1,960,344","1,971,351","1,992,778","2,013,165","2,021,658","2,032,130","2,049,916","2,066,010","2,080,268","2,087,359","2,088,836","2,109,476","2,117,366","2,124,287","2,079,075","1,851,868","2,018,868","2,061,880","2,088,868","2,076,573","2,106,286","2,141,494","2,154,177","2,173,172","2,185,692","2,185,910"
"Final domestic demand","330,186","336,181","345,962","346,540","353,170","356,287","357,144","361,447","363,529","369,296","373,237","381,135","392,675","393,348","399,031","408,639","412,040","419,482","429,747","439,877","446,663","453,604","459,299","463,273","465,939","473,977","472,446","477,055","482,967","486,023","493,999","502,215","509,802","512,368","516,415","522,488","523,830","525,950","531,990","539,137","536,126","555,675","567,598","578,358","577,734","589,201","593,626","601,982","617,556","624,420","630,698","647,553","662,516","662,889","666,362","663,301","673,788","687,732","702,677","711,717","712,808","730,370","726,613","737,478","741,636","745,572","752,229","755,942","757,968","765,989","768,288","772,212","779,994","784,581","793,693","797,094","803,546","799,143","816,961","824,754","836,493","841,396","835,936","835,104","820,004","804,823","796,662","799,762","801,715","813,934","823,008","829,353","834,062","838,791","843,089","854,050","867,432","882,098","895,780","907,754","909,257","913,170","921,044","920,898","932,403","951,495","965,262","977,751","988,222","1,000,265","1,012,299","1,016,471","1,031,301","1,039,853","1,039,823","1,051,216","1,061,199","1,046,144","1,045,314","1,038,175","1,026,968","1,038,838","1,037,450","1,045,673","1,044,816","1,037,342","1,044,393","1,042,294","1,040,937","1,048,719","1,053,924","1,058,004","1,066,873","1,077,411","1,080,489","1,087,905","1,082,052","1,085,630","1,090,034","1,089,016","1,102,475","1,103,770","1,111,422","1,133,275","1,150,887","1,161,234","1,177,948","1,185,048","1,191,397","1,197,888","1,203,290","1,207,508","1,223,383","1,238,776","1,253,812","1,267,657","1,280,943","1,292,158","1,306,319","1,310,899","1,327,841","1,336,415","1,342,814","1,345,048","1,359,592","1,374,753","1,383,719","1,394,679","1,404,119","1,414,976","1,432,161","1,442,359","1,462,121","1,470,323","1,485,545","1,499,904","1,519,533","1,536,466","1,553,695","1,573,338","1,593,853","1,608,569","1,619,099","1,632,460","1,646,553","1,664,805","1,679,751","1,702,136","1,722,571","1,729,403","1,726,576","1,703,045","1,658,947","1,667,167","1,689,397","1,715,585","1,743,096","1,759,525","1,773,366","1,792,651","1,799,553","1,809,185","1,816,871","1,827,912","1,846,062","1,851,080","1,859,048","1,867,550","1,872,842","1,880,714","1,890,440","1,900,704","1,905,868","1,918,037","1,932,521","1,945,629","1,932,498","1,925,965","1,930,683","1,934,364","1,930,309","1,936,603","1,945,303","1,946,861","1,974,633","1,993,328","2,010,688","2,035,278","2,049,467","2,060,914","2,062,203","2,059,395","2,070,807","2,072,492","2,091,625","2,100,426","2,075,015","1,834,752","2,044,108","2,068,844","2,101,034","2,098,036","2,135,756","2,154,999","2,171,340","2,182,785","2,178,368","2,183,840"




"How to cite: Statistics Canada. Table 36-10-0104-01  Gross domestic product, expenditure-based, Canada, quarterly (x 1,000,000)"
https://www150.statcan.gc.ca/t1/tbl1/en/tv.action?pid=3610010401